Model,Accuracy,Precision,Recall,F1,ROC_AUC
Logistic Regression,0.6814372429998042,0.22197719449225473,0.6958354409037262,0.3365819842596746,0.751699365958185
Random Forest,0.7954180536518504,0.27538538040775734,0.4668689934243804,0.3464281246090329,0.7434488210752026
Linear SVM,0.678637164675935,0.220759844407737,0.6985331310065757,0.33549275244959104,0.7517304320659097
Neural Network (MLP),0.8410612884276484,0.3154962862930452,0.31512392513909965,0.3153099957823703,0.7257078436177185
